{"count":1,"self":7958.3993856,"total":11236.5902898,"children":{"InitializeActuators":{"count":2020,"self":0.029953399999999998,"total":0.029953399999999998,"children":null},"InitializeSensors":{"count":2020,"self":0.009698,"total":0.009698,"children":null},"AgentSendState":{"count":4650585,"self":3.0979859999999997,"total":73.3261977,"children":{"CollectObservations":{"count":943302,"self":0.26196559999999997,"total":0.26196559999999997,"children":null},"WriteActionMask":{"count":943302,"self":1.5308701999999998,"total":47.570074899999994,"children":{"WriteDiscreteActionMask":{"count":943302,"self":46.039203199999996,"total":46.0392047,"children":null}}},"RequestDecision":{"count":943302,"self":2.3559152,"total":22.3961713,"children":{"AgentInfo.ToProto":{"count":943302,"self":3.0379913999999997,"total":20.040256199999998,"children":{"GenerateSensorData":{"count":943302,"self":17.002265599999998,"total":17.0022648,"children":null}}}}}}},"DecideAction":{"count":4650585,"self":2928.9486336,"total":2928.9485904999997,"children":null},"AgentAct":{"count":4650585,"self":275.75313919999996,"total":275.7531466,"children":null},"AgentInfo.ToProto":{"count":4038,"self":0.0235241,"total":0.12360879999999999,"children":{"GenerateSensorData":{"count":4038,"self":0.1000847,"total":0.1000847,"children":null}}}},"gauges":{"Match3Agent.CumulativeReward":{"count":2019,"max":275,"min":23,"runningAverage":101.21151,"value":81,"weightedAverage":94.45559}},"metadata":{"timer_format_version":"0.1.0","start_time_seconds":"1739507930","unity_version":"6000.0.37f1","command_line_arguments":"C:\\Program Files\\Unity\\Hub\\Editor\\6000.0.37f1\\Editor\\Unity.exe -projectpath C:\\Users\\Admin\\codemonkey_match3 -useHub -hubIPC -cloudEnvironment production","communication_protocol_version":"1.5.0","com.unity.ml-agents_version":"3.0.0","scene_name":"GameScene_Match3","end_time_seconds":"1739519167"}}